{"routes": [[132, 170, 159, 156, 225, 46, 132], [132, 233, 157, 158, 139, 132], [132, 100, 181, 67, 88, 247, 154, 132], [132, 107, 72, 226, 132], [132, 262, 240, 138, 233, 142, 132], [132, 236, 227, 234, 132], [132, 87, 257, 13, 132], [132, 140, 224, 132], [138, 162, 156, 225, 46, 141, 138], [138, 170, 159, 181, 88, 247, 154, 141, 138], [138, 141, 233, 158, 141, 138], [138, 263, 232, 227, 139, 141, 138], [138, 100, 67, 244, 141, 138], [138, 233, 82, 141, 138], [138, 107, 72, 141, 138], [138, 161, 141, 138], [138, 12, 257, 13, 141, 138], [138, 262, 234, 141, 138], [138, 162, 141, 138], [186, 234, 103, 132, 181, 186], [186, 161, 233, 138, 181, 186], [186, 170, 141, 113, 181, 186], [186, 162, 232, 181, 186], [186, 48, 139, 181, 186], [186, 68, 48, 40, 181, 186], [186, 163, 224, 252, 181, 186], [186, 161, 181, 186], [186, 162, 181, 186]], "nums": [75.0, 75.0, 90.0, 75.0, 75.0, 75.0, 75.0, 60.0, 60.0, 60.0, 45.0, 60.0, 60.0, 60.0, 45.0, 30.0, 60.0, 45.0, 30.0, 75.0, 45.0, 105.0, 45.0, 30.0, 45.0, 75.0, 15.0, 15.0], "gaps": [27.55, 29.560000000000002, 25.91388888888889, 29.816666666666663, 29.660000000000004, 27.690000000000005, 26.923333333333336, 28.74583333333333, 23.45, 27.579166666666666, 28.844444444444445, 24.025, 25.304166666666667, 22.629166666666666, 25.105555555555554, 23.625, 23.179166666666667, 28.37222222222222, 21.375, 24.92666666666667, 22.7, 26.345238095238095, 24.649999999999995, 27.325000000000003, 30.005555555555556, 26.22666666666667, 22.433333333333334, 27.416666666666664], "names": [1140000, 1140001, 1140002, 1140003, 1140004, 1140005, 1140008, 1140015, 1200000, 1200001, 1200002, 1200003, 1200004, 1200005, 1200007, 1200009, 1200011, 1200013, 1200014, 1640000, 1640001, 1640002, 1640003, 1640006, 1640008, 1640012, 1640013, 1640017]}